{

	"name": "parity",
    	"engine": {
        "authorityRound": {
            "params": {
                "gasLimitBoundDivisor": "0x400",
                "stepDuration": "2",
                "validators" : {
                    "list": [ "0xe1ddf730c405ac7fcd42c3a484516544d198f007", "0xd2cfa59335a38334194e1772d046bad863138f26", "0xdbc5bfdc40b3fb3f69d8f2cafc2008d05188d854" ]
                }
            }
        }
    },

    "params": {
        "maximumExtraDataSize": "0x20",
        "minGasLimit": "0x1388",
        "gasLimitBoundDivisor": "0x400",
        "networkID" : "0x11"
    },
    "genesis": {
        "seal": {
            "authorityRound": {
                "step": "0x0",
                "signature": "0x0000000000000000000000000000000000000000000000000000000000000000000000000000000000000000000000000000000000000000000000000000000000"
            }
        },
        "difficulty": "0x20000",
        "gasLimit": "0x1312D00"
    },
    "accounts": {
        "0x0000000000000000000000000000000000000001": { "balance": "1", "builtin": { "name": "ecrecover", "pricing": { "linear": { "base": 3000, "word": 0 } } } },
        "0x0000000000000000000000000000000000000002": { "balance": "1", "builtin": { "name": "sha256", "pricing": { "linear": { "base": 60, "word": 12 } } } },
        "0x0000000000000000000000000000000000000003": { "balance": "1", "builtin": { "name": "ripemd160", "pricing": { "linear": { "base": 600, "word": 120 } } } },
        "0x0000000000000000000000000000000000000004": { "balance": "1", "builtin": { "name": "identity", "pricing": { "linear": { "base": 15, "word": 3 } } } },
	"0x00Ea169ce7e0992960D3BdE6F5D539C955316432": { "balance": "1606938044258990275541962092341162602522202993782792835301376" }  
    }
}
